target,train_rmse,train_mae,val_rmse,val_mae,n_train,n_val
points,5.6188977035586785,4.338696654223156,5.947411650998446,4.55445692024076,134527,21172
rebounds,2.3415552248980847,1.7969883427371747,2.4768693652398888,1.8915025401994596,134527,21172
assists,1.6444854296093754,1.2259277635102588,1.7978541463723474,1.3336153499148873,134527,21172
threepm,1.1386579718190113,0.8206908283433586,1.2328915704333498,0.895590507571431,134527,21172
